,Target User,Compound Score,Positive Score,Negative Score,Neutral Score,Date & Time
0,BBC,-0.128,0.0,0.081,0.919,2018-10-01 19:00:01+00:00
1,BBC,0.0,0.0,0.0,1.0,2018-10-01 17:16:04+00:00
2,BBC,0.7506,0.252,0.0,0.748,2018-10-01 16:05:44+00:00
3,BBC,0.0,0.0,0.0,1.0,2018-10-01 15:48:02+00:00
4,BBC,0.0,0.0,0.0,1.0,2018-10-01 15:00:02+00:00
5,BBC,0.0,0.0,0.0,1.0,2018-10-01 14:01:07+00:00
6,BBC,0.0,0.0,0.0,1.0,2018-10-01 13:04:26+00:00
7,BBC,0.7456,0.311,0.0,0.689,2018-10-01 13:03:06+00:00
8,BBC,0.128,0.159,0.137,0.705,2018-10-01 12:33:03+00:00
9,BBC,-0.5574,0.0,0.167,0.833,2018-10-01 12:08:21+00:00
10,BBC,0.7003,0.345,0.0,0.655,2018-10-01 11:03:02+00:00
11,BBC,0.3818,0.274,0.134,0.591,2018-10-01 10:03:06+00:00
12,BBC,-0.7351,0.0,0.237,0.763,2018-10-01 09:46:54+00:00
13,BBC,0.0,0.0,0.0,1.0,2018-10-01 09:04:02+00:00
14,BBC,0.7845,0.266,0.0,0.734,2018-10-01 08:02:02+00:00
15,BBC,-0.875,0.0,0.5,0.5,2018-10-01 07:32:01+00:00
16,BBC,-0.872,0.0,0.398,0.602,2018-10-01 07:03:05+00:00
17,BBC,0.4753,0.157,0.0,0.843,2018-09-30 20:21:03+00:00
18,BBC,0.6239,0.313,0.0,0.687,2018-09-30 19:39:53+00:00
19,BBC,0.0,0.0,0.0,1.0,2018-09-30 19:03:02+00:00
20,BBC,0.0,0.0,0.0,1.0,2018-09-30 17:16:03+00:00
21,BBC,0.5106,0.167,0.063,0.769,2018-09-30 16:22:42+00:00
22,BBC,0.4574,0.125,0.0,0.875,2018-09-30 16:22:25+00:00
23,BBC,0.0,0.113,0.113,0.773,2018-09-30 16:01:09+00:00
24,BBC,0.0,0.0,0.0,1.0,2018-09-30 15:03:03+00:00
25,BBC,-0.296,0.0,0.099,0.901,2018-09-30 14:02:04+00:00
26,BBC,0.0,0.0,0.0,1.0,2018-09-30 13:06:04+00:00
27,BBC,0.0,0.0,0.0,1.0,2018-09-30 12:44:04+00:00
28,BBC,-0.4767,0.0,0.162,0.838,2018-09-30 12:31:04+00:00
29,BBC,0.1531,0.127,0.0,0.873,2018-09-30 11:02:01+00:00
30,BBC,-0.7579,0.048,0.251,0.701,2018-09-30 10:00:00+00:00
31,BBC,0.0,0.0,0.0,1.0,2018-09-30 09:04:02+00:00
32,BBC,-0.5994,0.0,0.302,0.698,2018-09-30 08:30:16+00:00
33,BBC,0.0,0.124,0.124,0.752,2018-09-30 07:31:05+00:00
34,BBC,0.5859,0.226,0.0,0.774,2018-09-30 07:04:02+00:00
35,BBC,0.4215,0.257,0.0,0.743,2018-09-29 20:32:03+00:00
36,BBC,0.4215,0.135,0.0,0.865,2018-09-29 17:02:12+00:00
37,BBC,-0.7003,0.0,0.293,0.707,2018-09-29 16:01:07+00:00
38,BBC,0.5499,0.129,0.0,0.871,2018-09-29 15:54:38+00:00
39,BBC,0.7088,0.329,0.0,0.671,2018-09-29 15:02:04+00:00
40,BBC,0.0,0.0,0.0,1.0,2018-09-29 14:03:07+00:00
41,BBC,-0.5256,0.0,0.253,0.747,2018-09-29 13:01:07+00:00
42,BBC,-0.186,0.156,0.227,0.616,2018-09-29 11:03:02+00:00
43,BBC,0.4939,0.181,0.0,0.819,2018-09-29 10:03:05+00:00
44,BBC,-0.5267,0.0,0.254,0.746,2018-09-29 09:01:02+00:00
45,BBC,0.6808,0.237,0.0,0.763,2018-09-29 08:11:46+00:00
46,BBC,-0.1022,0.118,0.136,0.746,2018-09-29 08:05:03+00:00
47,BBC,0.0,0.0,0.0,1.0,2018-09-29 07:03:06+00:00
48,BBC,0.0,0.0,0.0,1.0,2018-09-29 06:31:00+00:00
49,BBC,0.3595,0.135,0.0,0.865,2018-09-28 20:31:03+00:00
50,BBC,-0.126,0.065,0.089,0.846,2018-09-28 18:32:03+00:00
51,BBC,0.7003,0.345,0.0,0.655,2018-09-28 16:03:07+00:00
52,BBC,0.1531,0.118,0.0,0.882,2018-09-28 15:01:02+00:00
53,BBC,0.0,0.0,0.0,1.0,2018-09-28 14:03:07+00:00
54,BBC,-0.5346,0.177,0.345,0.478,2018-09-28 12:33:00+00:00
55,BBC,0.6597,0.227,0.082,0.691,2018-09-28 11:04:06+00:00
56,BBC,0.0,0.0,0.0,1.0,2018-09-28 10:24:29+00:00
57,BBC,-0.296,0.0,0.121,0.879,2018-09-28 10:02:06+00:00
58,BBC,0.5719,0.171,0.0,0.829,2018-09-28 09:40:18+00:00
59,BBC,-0.5994,0.0,0.262,0.738,2018-09-28 09:04:01+00:00
60,BBC,0.5859,0.167,0.0,0.833,2018-09-28 08:04:02+00:00
61,BBC,0.3818,0.133,0.0,0.867,2018-09-28 07:32:06+00:00
62,BBC,0.6808,0.272,0.0,0.728,2018-09-28 07:01:05+00:00
63,BBC,0.2263,0.155,0.089,0.756,2018-09-27 17:02:07+00:00
64,BBC,-0.128,0.0,0.067,0.933,2018-09-27 16:03:09+00:00
65,BBC,-0.5574,0.0,0.194,0.806,2018-09-27 15:31:07+00:00
66,BBC,0.5719,0.171,0.0,0.829,2018-09-27 15:06:35+00:00
67,BBC,-0.4201,0.0,0.117,0.883,2018-09-27 14:03:05+00:00
68,BBC,0.4939,0.122,0.0,0.878,2018-09-27 13:46:00+00:00
69,BBC,0.0,0.0,0.0,1.0,2018-09-27 13:10:27+00:00
70,BBC,-0.4019,0.225,0.299,0.476,2018-09-27 13:03:06+00:00
71,BBC,0.0,0.0,0.0,1.0,2018-09-27 12:32:06+00:00
72,BBC,-0.7579,0.0,0.351,0.649,2018-09-27 11:03:03+00:00
73,BBC,0.0,0.0,0.0,1.0,2018-09-27 10:44:32+00:00
74,BBC,-0.4753,0.0,0.154,0.846,2018-09-27 10:02:02+00:00
75,BBC,0.8697,0.38,0.0,0.62,2018-09-27 09:04:05+00:00
76,BBC,0.7964,0.265,0.056,0.678,2018-09-27 08:04:04+00:00
77,BBC,0.5411,0.162,0.0,0.838,2018-09-27 07:32:04+00:00
78,BBC,0.5551,0.339,0.0,0.661,2018-09-27 07:04:02+00:00
79,BBC,0.0,0.0,0.0,1.0,2018-09-26 20:03:06+00:00
80,BBC,0.0,0.0,0.0,1.0,2018-09-26 19:07:05+00:00
81,BBC,0.0,0.0,0.0,1.0,2018-09-26 16:02:05+00:00
82,BBC,0.659,0.403,0.0,0.597,2018-09-26 15:03:05+00:00
83,BBC,-0.25,0.0,0.083,0.917,2018-09-26 14:04:00+00:00
84,BBC,0.0,0.0,0.0,1.0,2018-09-26 14:03:03+00:00
85,BBC,-0.1027,0.181,0.229,0.59,2018-09-26 13:04:06+00:00
86,BBC,0.0,0.0,0.0,1.0,2018-09-26 12:32:03+00:00
87,BBC,0.0,0.0,0.0,1.0,2018-09-26 12:30:08+00:00
88,BBC,0.0,0.0,0.0,1.0,2018-09-26 11:02:01+00:00
89,BBC,0.3182,0.126,0.0,0.874,2018-09-26 10:46:44+00:00
90,BBC,0.0,0.0,0.0,1.0,2018-09-26 10:04:04+00:00
91,BBC,0.0,0.0,0.0,1.0,2018-09-26 09:53:51+00:00
92,BBC,0.0,0.0,0.0,1.0,2018-09-26 09:04:04+00:00
93,BBC,0.4767,0.353,0.168,0.479,2018-09-26 08:04:03+00:00
94,BBC,0.0,0.0,0.0,1.0,2018-09-26 07:31:04+00:00
95,BBC,0.0,0.0,0.0,1.0,2018-09-26 07:02:07+00:00
96,BBC,0.296,0.145,0.0,0.855,2018-09-25 20:03:05+00:00
97,BBC,0.4019,0.137,0.0,0.863,2018-09-25 19:03:06+00:00
98,BBC,0.0,0.0,0.0,1.0,2018-09-25 16:32:49+00:00
99,BBC,0.6114,0.285,0.0,0.715,2018-09-25 16:02:03+00:00
100,CBS,0.0,0.0,0.0,1.0,2018-10-01 21:56:03+00:00
101,CBS,0.296,0.136,0.0,0.864,2018-10-01 16:33:11+00:00
102,CBS,-0.2263,0.0,0.091,0.909,2018-09-30 23:51:26+00:00
103,CBS,0.6124,0.19,0.0,0.81,2018-09-30 17:00:00+00:00
104,CBS,0.0,0.0,0.0,1.0,2018-09-30 14:34:18+00:00
105,CBS,0.0,0.0,0.0,1.0,2018-09-28 22:22:01+00:00
106,CBS,0.0,0.0,0.0,1.0,2018-09-28 20:16:14+00:00
107,CBS,0.0,0.0,0.0,1.0,2018-09-28 17:52:41+00:00
108,CBS,0.0,0.0,0.0,1.0,2018-09-28 16:51:50+00:00
109,CBS,0.0,0.0,0.0,1.0,2018-09-27 20:19:18+00:00
110,CBS,0.0,0.0,0.0,1.0,2018-09-27 20:01:53+00:00
111,CBS,0.0,0.0,0.0,1.0,2018-09-27 17:19:16+00:00
112,CBS,-0.34,0.169,0.25,0.581,2018-09-27 16:58:08+00:00
113,CBS,0.0,0.0,0.0,1.0,2018-09-27 00:44:13+00:00
114,CBS,0.0,0.0,0.0,1.0,2018-09-27 00:42:15+00:00
115,CBS,0.1139,0.071,0.0,0.929,2018-09-26 21:49:27+00:00
116,CBS,0.6249,0.221,0.0,0.779,2018-09-26 19:57:54+00:00
117,CBS,0.0,0.0,0.0,1.0,2018-09-26 17:25:43+00:00
118,CBS,-0.2714,0.098,0.138,0.764,2018-09-25 21:10:56+00:00
119,CBS,-0.2263,0.0,0.091,0.909,2018-09-25 20:31:45+00:00
120,CBS,0.0,0.0,0.0,1.0,2018-09-25 19:54:26+00:00
121,CBS,0.7901,0.291,0.0,0.709,2018-09-25 19:45:33+00:00
122,CBS,0.0,0.0,0.0,1.0,2018-09-25 18:34:26+00:00
123,CBS,0.0,0.0,0.0,1.0,2018-09-25 18:05:31+00:00
124,CBS,0.0,0.0,0.0,1.0,2018-09-24 18:56:15+00:00
125,CBS,-0.2263,0.0,0.087,0.913,2018-09-23 23:24:03+00:00
126,CBS,0.0,0.0,0.0,1.0,2018-09-23 14:00:00+00:00
127,CBS,0.296,0.144,0.098,0.758,2018-09-21 19:18:00+00:00
128,CBS,-0.1531,0.123,0.162,0.714,2018-09-21 17:46:26+00:00
129,CBS,0.296,0.109,0.0,0.891,2018-09-20 23:17:19+00:00
130,CBS,0.7896,0.212,0.0,0.788,2018-09-20 21:38:21+00:00
131,CBS,0.0,0.0,0.0,1.0,2018-09-20 16:47:26+00:00
132,CBS,-0.0531,0.176,0.236,0.588,2018-09-19 19:07:37+00:00
133,CBS,0.6486,0.209,0.0,0.791,2018-09-18 17:04:20+00:00
134,CBS,0.9642,0.527,0.0,0.473,2018-09-17 22:01:52+00:00
135,CBS,0.0,0.0,0.0,1.0,2018-09-17 21:41:20+00:00
136,CBS,0.3612,0.263,0.0,0.737,2018-09-17 19:18:37+00:00
137,CBS,-0.2263,0.0,0.091,0.909,2018-09-16 23:48:59+00:00
138,CBS,0.0,0.0,0.0,1.0,2018-09-16 14:33:46+00:00
139,CBS,-0.4322,0.07,0.159,0.771,2018-09-15 16:00:01+00:00
140,CBS,-0.2481,0.17,0.233,0.598,2018-09-14 18:22:59+00:00
141,CBS,0.0,0.0,0.0,1.0,2018-09-13 20:52:06+00:00
142,CBS,0.0,0.0,0.0,1.0,2018-09-13 20:28:06+00:00
143,CBS,0.4753,0.218,0.083,0.699,2018-09-13 18:06:49+00:00
144,CBS,0.0,0.0,0.0,1.0,2018-09-10 17:06:16+00:00
145,CBS,-0.2263,0.0,0.083,0.917,2018-09-09 23:36:09+00:00
146,CBS,0.6705,0.256,0.0,0.744,2018-09-09 14:00:00+00:00
147,CBS,0.4215,0.149,0.0,0.851,2018-09-08 16:20:43+00:00
148,CBS,0.0,0.0,0.0,1.0,2018-09-08 00:00:00+00:00
149,CBS,-0.5411,0.092,0.196,0.712,2018-09-07 23:15:09+00:00
150,CBS,0.0,0.0,0.0,1.0,2018-09-07 21:50:51+00:00
151,CBS,-0.296,0.0,0.121,0.879,2018-09-06 22:10:49+00:00
152,CBS,0.4753,0.192,0.0,0.808,2018-09-06 19:00:01+00:00
153,CBS,0.0,0.0,0.0,1.0,2018-09-05 21:00:00+00:00
154,CBS,0.3612,0.111,0.0,0.889,2018-09-05 17:32:40+00:00
155,CBS,0.6908,0.533,0.0,0.467,2018-09-05 16:48:09+00:00
156,CBS,0.4215,0.135,0.0,0.865,2018-09-04 20:34:26+00:00
157,CBS,0.6514,0.171,0.0,0.829,2018-09-01 15:25:34+00:00
158,CBS,0.0,0.0,0.0,1.0,2018-08-31 21:26:49+00:00
159,CBS,0.0,0.0,0.0,1.0,2018-08-31 18:01:01+00:00
160,CBS,-0.6908,0.0,0.239,0.761,2018-08-30 19:45:51+00:00
161,CBS,0.6239,0.17,0.0,0.83,2018-08-30 15:32:47+00:00
162,CBS,0.0,0.0,0.0,1.0,2018-08-27 23:36:57+00:00
163,CBS,-0.4389,0.0,0.112,0.888,2018-08-24 20:30:16+00:00
164,CBS,0.0,0.0,0.0,1.0,2018-08-22 20:55:25+00:00
165,CBS,0.0,0.0,0.0,1.0,2018-08-22 20:10:12+00:00
166,CBS,0.5423,0.171,0.0,0.829,2018-08-20 21:59:56+00:00
167,CBS,0.3182,0.113,0.0,0.887,2018-08-17 17:42:02+00:00
168,CBS,0.0,0.0,0.0,1.0,2018-08-16 18:40:09+00:00
169,CBS,-0.5267,0.092,0.188,0.72,2018-08-16 00:09:03+00:00
170,CBS,0.0,0.0,0.0,1.0,2018-08-12 23:30:02+00:00
171,CBS,0.4389,0.126,0.0,0.874,2018-08-12 15:04:59+00:00
172,CBS,-0.3182,0.0,0.103,0.897,2018-08-11 18:00:00+00:00
173,CBS,0.4926,0.144,0.0,0.856,2018-08-11 15:00:02+00:00
174,CBS,0.8957,0.419,0.0,0.581,2018-08-10 22:28:55+00:00
175,CBS,0.0,0.0,0.0,1.0,2018-08-10 19:59:14+00:00
176,CBS,0.6696,0.255,0.0,0.745,2018-08-09 21:00:00+00:00
177,CBS,0.7901,0.28,0.0,0.72,2018-08-09 18:47:00+00:00
178,CBS,0.6696,0.209,0.0,0.791,2018-08-08 16:05:11+00:00
179,CBS,0.0,0.0,0.0,1.0,2018-08-07 16:06:57+00:00
180,CBS,0.3612,0.111,0.0,0.889,2018-08-06 00:20:55+00:00
181,CBS,0.7424,0.3,0.082,0.617,2018-08-06 00:07:38+00:00
182,CBS,0.3818,0.106,0.0,0.894,2018-08-06 00:02:58+00:00
183,CBS,0.5093,0.141,0.0,0.859,2018-08-06 00:02:02+00:00
184,CBS,0.0,0.0,0.0,1.0,2018-08-05 23:58:41+00:00
185,CBS,0.8316,0.306,0.0,0.694,2018-08-05 23:44:39+00:00
186,CBS,0.0,0.0,0.0,1.0,2018-08-05 23:41:21+00:00
187,CBS,0.5994,0.157,0.0,0.843,2018-08-05 23:35:49+00:00
188,CBS,0.0,0.0,0.0,1.0,2018-08-05 23:35:46+00:00
189,CBS,0.5826,0.173,0.0,0.827,2018-08-05 23:16:25+00:00
190,CBS,-0.5093,0.0,0.202,0.798,2018-08-05 23:12:39+00:00
191,CBS,0.0,0.0,0.0,1.0,2018-08-05 23:10:20+00:00
192,CBS,0.6041,0.225,0.0,0.775,2018-08-05 23:05:58+00:00
193,CBS,0.3802,0.147,0.0,0.853,2018-08-05 23:01:25+00:00
194,CBS,-0.2057,0.0,0.083,0.917,2018-08-05 22:58:41+00:00
195,CBS,0.0,0.0,0.0,1.0,2018-08-05 22:58:36+00:00
196,CBS,-0.0572,0.0,0.064,0.936,2018-08-05 22:53:12+00:00
197,CBS,-0.3612,0.059,0.121,0.82,2018-08-05 22:52:24+00:00
198,CBS,0.4939,0.138,0.0,0.862,2018-08-05 22:49:06+00:00
199,CBS,0.0,0.0,0.0,1.0,2018-08-05 22:46:49+00:00
200,CNN,0.3182,0.103,0.0,0.897,2018-10-01 22:21:05+00:00
201,CNN,0.0,0.0,0.0,1.0,2018-10-01 22:11:06+00:00
202,CNN,0.0,0.0,0.0,1.0,2018-10-01 22:04:58+00:00
203,CNN,0.4215,0.148,0.074,0.779,2018-10-01 22:01:05+00:00
204,CNN,0.0,0.0,0.0,1.0,2018-10-01 21:59:24+00:00
205,CNN,0.7964,0.283,0.0,0.717,2018-10-01 21:56:00+00:00
206,CNN,0.0258,0.068,0.0,0.932,2018-10-01 21:51:02+00:00
207,CNN,0.0,0.0,0.0,1.0,2018-10-01 21:46:00+00:00
208,CNN,0.2732,0.104,0.0,0.896,2018-10-01 21:41:04+00:00
209,CNN,0.4939,0.158,0.0,0.842,2018-10-01 21:36:00+00:00
210,CNN,-0.7579,0.0,0.302,0.698,2018-10-01 21:31:05+00:00
211,CNN,0.0,0.0,0.0,1.0,2018-10-01 21:22:30+00:00
212,CNN,0.0,0.0,0.0,1.0,2018-10-01 21:20:08+00:00
213,CNN,0.0,0.0,0.0,1.0,2018-10-01 21:16:32+00:00
214,CNN,-0.4019,0.151,0.18,0.669,2018-10-01 21:10:09+00:00
215,CNN,0.2732,0.148,0.077,0.774,2018-10-01 21:00:11+00:00
216,CNN,-0.6249,0.0,0.212,0.788,2018-10-01 20:50:06+00:00
217,CNN,0.2023,0.083,0.0,0.917,2018-10-01 20:47:31+00:00
218,CNN,-0.3182,0.0,0.113,0.887,2018-10-01 20:42:47+00:00
219,CNN,0.3182,0.183,0.095,0.722,2018-10-01 20:40:08+00:00
220,CNN,-0.4019,0.0,0.124,0.876,2018-10-01 20:30:09+00:00
221,CNN,0.5267,0.206,0.0,0.794,2018-10-01 20:28:24+00:00
222,CNN,0.5574,0.141,0.0,0.859,2018-10-01 20:20:08+00:00
223,CNN,0.0,0.0,0.0,1.0,2018-10-01 20:16:34+00:00
224,CNN,0.0516,0.052,0.0,0.948,2018-10-01 20:14:39+00:00
225,CNN,0.0,0.0,0.0,1.0,2018-10-01 20:10:06+00:00
226,CNN,0.0,0.0,0.0,1.0,2018-10-01 20:00:17+00:00
227,CNN,-0.5106,0.0,0.171,0.829,2018-10-01 19:50:03+00:00
228,CNN,0.9325,0.429,0.0,0.571,2018-10-01 19:41:40+00:00
229,CNN,0.0,0.0,0.0,1.0,2018-10-01 19:40:04+00:00
230,CNN,0.743,0.326,0.0,0.674,2018-10-01 19:33:02+00:00
231,CNN,-0.4588,0.0,0.136,0.864,2018-10-01 19:30:05+00:00
232,CNN,0.0,0.0,0.0,1.0,2018-10-01 19:20:10+00:00
233,CNN,0.743,0.296,0.0,0.704,2018-10-01 19:10:40+00:00
234,CNN,-0.3818,0.0,0.157,0.843,2018-10-01 19:10:08+00:00
235,CNN,0.0,0.0,0.0,1.0,2018-10-01 19:00:05+00:00
236,CNN,0.2382,0.134,0.0,0.866,2018-10-01 18:50:07+00:00
237,CNN,0.0,0.0,0.0,1.0,2018-10-01 18:40:08+00:00
238,CNN,-0.6808,0.0,0.219,0.781,2018-10-01 18:30:07+00:00
239,CNN,0.0,0.0,0.0,1.0,2018-10-01 18:20:07+00:00
240,CNN,-0.4588,0.0,0.136,0.864,2018-10-01 18:10:06+00:00
241,CNN,-0.0772,0.0,0.071,0.929,2018-10-01 18:01:39+00:00
242,CNN,0.7964,0.283,0.0,0.717,2018-10-01 17:50:00+00:00
243,CNN,0.0,0.0,0.0,1.0,2018-10-01 17:40:00+00:00
244,CNN,0.0,0.0,0.0,1.0,2018-10-01 17:33:16+00:00
245,CNN,0.0,0.0,0.0,1.0,2018-10-01 17:30:01+00:00
246,CNN,-0.357,0.0,0.115,0.885,2018-10-01 17:20:26+00:00
247,CNN,0.0,0.0,0.0,1.0,2018-10-01 17:10:06+00:00
248,CNN,0.7351,0.256,0.0,0.744,2018-10-01 17:00:07+00:00
249,CNN,0.2023,0.101,0.0,0.899,2018-10-01 16:50:10+00:00
250,CNN,0.3182,0.141,0.0,0.859,2018-10-01 16:40:05+00:00
251,CNN,0.5574,0.175,0.0,0.825,2018-10-01 16:30:03+00:00
252,CNN,-0.34,0.0,0.13,0.87,2018-10-01 16:20:09+00:00
253,CNN,0.5267,0.196,0.0,0.804,2018-10-01 16:10:27+00:00
254,CNN,-0.8342,0.0,0.33,0.67,2018-10-01 16:00:09+00:00
255,CNN,-0.296,0.0,0.104,0.896,2018-10-01 15:50:04+00:00
256,CNN,0.0,0.0,0.0,1.0,2018-10-01 15:43:15+00:00
257,CNN,0.25,0.143,0.103,0.754,2018-10-01 15:40:10+00:00
258,CNN,0.0,0.0,0.0,1.0,2018-10-01 15:30:06+00:00
259,CNN,0.8885,0.396,0.0,0.604,2018-10-01 15:26:58+00:00
260,CNN,0.0,0.0,0.0,1.0,2018-10-01 15:20:37+00:00
261,CNN,0.0,0.0,0.0,1.0,2018-10-01 15:20:08+00:00
262,CNN,0.7906,0.28,0.0,0.72,2018-10-01 15:10:07+00:00
263,CNN,0.0516,0.062,0.0,0.938,2018-10-01 15:00:11+00:00
264,CNN,0.4767,0.147,0.0,0.853,2018-10-01 14:50:07+00:00
265,CNN,0.0,0.0,0.0,1.0,2018-10-01 14:40:08+00:00
266,CNN,-0.25,0.093,0.134,0.772,2018-10-01 14:30:03+00:00
267,CNN,-0.6486,0.0,0.177,0.823,2018-10-01 14:20:05+00:00
268,CNN,-0.8442,0.0,0.351,0.649,2018-10-01 14:10:08+00:00
269,CNN,-0.1779,0.0,0.078,0.922,2018-10-01 14:02:00+00:00
270,CNN,0.5574,0.204,0.0,0.796,2018-10-01 14:00:02+00:00
271,CNN,0.128,0.07,0.0,0.93,2018-10-01 13:50:03+00:00
272,CNN,-0.296,0.0,0.104,0.896,2018-10-01 13:40:09+00:00
273,CNN,0.25,0.143,0.103,0.754,2018-10-01 13:31:18+00:00
274,CNN,0.4588,0.13,0.0,0.87,2018-10-01 13:29:06+00:00
275,CNN,0.0,0.0,0.0,1.0,2018-10-01 13:15:10+00:00
276,CNN,0.7184,0.273,0.0,0.727,2018-10-01 13:13:47+00:00
277,CNN,0.0,0.0,0.0,1.0,2018-10-01 13:10:05+00:00
278,CNN,0.0,0.0,0.0,1.0,2018-10-01 13:00:13+00:00
279,CNN,0.0,0.0,0.0,1.0,2018-10-01 12:54:06+00:00
280,CNN,0.0836,0.123,0.11,0.767,2018-10-01 12:45:12+00:00
281,CNN,0.3612,0.143,0.0,0.857,2018-10-01 12:36:06+00:00
282,CNN,0.0,0.0,0.0,1.0,2018-10-01 12:26:10+00:00
283,CNN,0.0,0.0,0.0,1.0,2018-10-01 12:26:05+00:00
284,CNN,0.0,0.0,0.0,1.0,2018-10-01 12:20:11+00:00
285,CNN,-0.34,0.0,0.194,0.806,2018-10-01 12:18:06+00:00
286,CNN,0.0,0.0,0.0,1.0,2018-10-01 12:10:07+00:00
287,CNN,-0.6597,0.122,0.322,0.556,2018-10-01 12:00:03+00:00
288,CNN,-0.7717,0.0,0.309,0.691,2018-10-01 11:55:09+00:00
289,CNN,-0.5574,0.0,0.223,0.777,2018-10-01 11:50:10+00:00
290,CNN,0.5574,0.159,0.0,0.841,2018-10-01 11:45:06+00:00
291,CNN,0.4404,0.155,0.073,0.773,2018-10-01 11:38:55+00:00
292,CNN,0.0,0.0,0.0,1.0,2018-10-01 11:35:05+00:00
293,CNN,0.0,0.0,0.0,1.0,2018-10-01 11:29:04+00:00
294,CNN,0.0,0.0,0.0,1.0,2018-10-01 11:25:05+00:00
295,CNN,0.1901,0.08,0.0,0.92,2018-10-01 11:19:04+00:00
296,CNN,0.0,0.0,0.0,1.0,2018-10-01 11:15:00+00:00
297,CNN,0.5574,0.184,0.0,0.816,2018-10-01 11:10:34+00:00
298,CNN,0.0,0.0,0.0,1.0,2018-10-01 11:05:06+00:00
299,CNN,-0.3182,0.0,0.113,0.887,2018-10-01 11:00:14+00:00
300,FoxNews,0.0,0.0,0.0,1.0,2018-10-01 22:19:29+00:00
301,FoxNews,-0.34,0.125,0.217,0.658,2018-10-01 22:15:00+00:00
302,FoxNews,0.2263,0.112,0.0,0.888,2018-10-01 22:10:00+00:00
303,FoxNews,0.4939,0.211,0.0,0.789,2018-10-01 22:03:04+00:00
304,FoxNews,0.0,0.0,0.0,1.0,2018-10-01 21:59:43+00:00
305,FoxNews,0.0,0.0,0.0,1.0,2018-10-01 21:48:52+00:00
306,FoxNews,0.3818,0.115,0.0,0.885,2018-10-01 21:45:23+00:00
307,FoxNews,0.8402,0.321,0.0,0.679,2018-10-01 21:36:11+00:00
308,FoxNews,-0.4215,0.111,0.241,0.648,2018-10-01 21:24:40+00:00
309,FoxNews,0.3182,0.171,0.0,0.829,2018-10-01 21:11:53+00:00
310,FoxNews,-0.5719,0.0,0.346,0.654,2018-10-01 20:57:00+00:00
311,FoxNews,-0.6486,0.0,0.301,0.699,2018-10-01 20:52:57+00:00
312,FoxNews,-0.4215,0.0,0.128,0.872,2018-10-01 20:46:40+00:00
313,FoxNews,0.0,0.0,0.0,1.0,2018-10-01 20:40:00+00:00
314,FoxNews,0.4927,0.189,0.0,0.811,2018-10-01 20:40:00+00:00
315,FoxNews,-0.0516,0.125,0.136,0.739,2018-10-01 20:34:12+00:00
316,FoxNews,0.1027,0.057,0.0,0.943,2018-10-01 20:28:01+00:00
317,FoxNews,0.0,0.0,0.0,1.0,2018-10-01 20:17:33+00:00
318,FoxNews,0.0,0.0,0.0,1.0,2018-10-01 20:00:55+00:00
319,FoxNews,0.296,0.115,0.0,0.885,2018-10-01 19:54:06+00:00
320,FoxNews,0.0,0.0,0.0,1.0,2018-10-01 19:44:12+00:00
321,FoxNews,0.91,0.424,0.0,0.576,2018-10-01 19:41:51+00:00
322,FoxNews,-0.3348,0.202,0.247,0.552,2018-10-01 19:33:26+00:00
323,FoxNews,-0.7506,0.0,0.303,0.697,2018-10-01 19:30:53+00:00
324,FoxNews,0.4404,0.33,0.221,0.449,2018-10-01 19:25:55+00:00
325,FoxNews,-0.1531,0.103,0.128,0.769,2018-10-01 19:22:16+00:00
326,FoxNews,0.8519,0.538,0.0,0.462,2018-10-01 19:17:57+00:00
327,FoxNews,0.8519,0.341,0.0,0.659,2018-10-01 19:06:10+00:00
328,FoxNews,0.8689,0.662,0.0,0.338,2018-10-01 19:03:28+00:00
329,FoxNews,-0.1298,0.085,0.105,0.81,2018-10-01 18:59:57+00:00
330,FoxNews,0.0,0.0,0.0,1.0,2018-10-01 18:52:27+00:00
331,FoxNews,0.5574,0.265,0.0,0.735,2018-10-01 18:42:25+00:00
332,FoxNews,-0.4939,0.0,0.211,0.789,2018-10-01 18:31:14+00:00
333,FoxNews,0.0,0.0,0.0,1.0,2018-10-01 18:26:46+00:00
334,FoxNews,0.2732,0.11,0.0,0.89,2018-10-01 18:25:11+00:00
335,FoxNews,-0.1779,0.077,0.107,0.815,2018-10-01 18:16:58+00:00
336,FoxNews,0.0,0.0,0.0,1.0,2018-10-01 18:12:12+00:00
337,FoxNews,0.4404,0.139,0.0,0.861,2018-10-01 18:10:57+00:00
338,FoxNews,-0.0572,0.0,0.067,0.933,2018-10-01 18:06:58+00:00
339,FoxNews,0.4777,0.186,0.0,0.814,2018-10-01 18:00:11+00:00
340,FoxNews,-0.5106,0.0,0.264,0.736,2018-10-01 17:51:34+00:00
341,FoxNews,0.0,0.0,0.0,1.0,2018-10-01 17:44:14+00:00
342,FoxNews,0.5106,0.216,0.0,0.784,2018-10-01 17:30:00+00:00
343,FoxNews,0.4019,0.153,0.0,0.847,2018-10-01 17:15:00+00:00
344,FoxNews,0.7845,0.418,0.0,0.582,2018-10-01 16:57:10+00:00
345,FoxNews,-0.296,0.0,0.145,0.855,2018-10-01 16:53:58+00:00
346,FoxNews,0.0,0.0,0.0,1.0,2018-10-01 16:38:55+00:00
347,FoxNews,-0.1695,0.0,0.114,0.886,2018-10-01 16:15:03+00:00
348,FoxNews,0.3182,0.161,0.0,0.839,2018-10-01 16:12:10+00:00
349,FoxNews,0.6956,0.324,0.0,0.676,2018-10-01 16:06:24+00:00
350,FoxNews,-0.6808,0.0,0.228,0.772,2018-10-01 15:59:04+00:00
351,FoxNews,0.3612,0.217,0.0,0.783,2018-10-01 15:57:04+00:00
352,FoxNews,0.5859,0.304,0.0,0.696,2018-10-01 15:49:50+00:00
353,FoxNews,0.4019,0.172,0.0,0.828,2018-10-01 15:43:48+00:00
354,FoxNews,0.659,0.239,0.0,0.761,2018-10-01 15:42:29+00:00
355,FoxNews,0.7096,0.457,0.0,0.543,2018-10-01 15:42:21+00:00
356,FoxNews,0.6908,0.251,0.0,0.749,2018-10-01 15:42:09+00:00
357,FoxNews,0.4215,0.135,0.0,0.865,2018-10-01 15:38:35+00:00
358,FoxNews,0.4767,0.22,0.0,0.78,2018-10-01 15:35:37+00:00
359,FoxNews,0.3612,0.143,0.0,0.857,2018-10-01 15:29:53+00:00
360,FoxNews,0.4939,0.144,0.0,0.856,2018-10-01 15:29:05+00:00
361,FoxNews,0.8885,0.382,0.0,0.618,2018-10-01 15:26:49+00:00
362,FoxNews,0.7906,0.308,0.0,0.692,2018-10-01 15:23:59+00:00
363,FoxNews,0.4939,0.211,0.0,0.789,2018-10-01 15:19:53+00:00
364,FoxNews,0.7184,0.429,0.0,0.571,2018-10-01 15:19:01+00:00
365,FoxNews,0.0,0.0,0.0,1.0,2018-10-01 15:16:40+00:00
366,FoxNews,0.8807,0.531,0.0,0.469,2018-10-01 15:10:34+00:00
367,FoxNews,-0.3182,0.0,0.161,0.839,2018-10-01 15:03:41+00:00
368,FoxNews,0.3182,0.223,0.0,0.777,2018-10-01 14:56:48+00:00
369,FoxNews,-0.5106,0.0,0.264,0.736,2018-10-01 14:49:42+00:00
370,FoxNews,0.0772,0.067,0.0,0.933,2018-10-01 14:41:00+00:00
371,FoxNews,0.0,0.0,0.0,1.0,2018-10-01 14:34:00+00:00
372,FoxNews,0.8591,0.613,0.0,0.387,2018-10-01 14:31:39+00:00
373,FoxNews,-0.6705,0.0,0.429,0.571,2018-10-01 14:27:23+00:00
374,FoxNews,0.0,0.0,0.0,1.0,2018-10-01 14:24:01+00:00
375,FoxNews,-0.4019,0.0,0.153,0.847,2018-10-01 14:20:20+00:00
376,FoxNews,0.8481,0.291,0.0,0.709,2018-10-01 14:15:14+00:00
377,FoxNews,0.0,0.0,0.0,1.0,2018-10-01 14:09:18+00:00
378,FoxNews,0.6486,0.249,0.0,0.751,2018-10-01 14:07:06+00:00
379,FoxNews,0.0,0.0,0.0,1.0,2018-10-01 14:05:08+00:00
380,FoxNews,0.5423,0.333,0.0,0.667,2018-10-01 14:04:22+00:00
381,FoxNews,0.0,0.0,0.0,1.0,2018-10-01 13:58:14+00:00
382,FoxNews,0.5859,0.226,0.0,0.774,2018-10-01 13:58:09+00:00
383,FoxNews,0.4466,0.268,0.0,0.732,2018-10-01 13:54:36+00:00
384,FoxNews,0.0,0.0,0.0,1.0,2018-10-01 13:54:18+00:00
385,FoxNews,0.694,0.489,0.0,0.511,2018-10-01 13:27:22+00:00
386,FoxNews,0.4019,0.316,0.196,0.489,2018-10-01 13:23:35+00:00
387,FoxNews,-0.4939,0.175,0.349,0.476,2018-10-01 13:15:48+00:00
388,FoxNews,0.1027,0.142,0.121,0.737,2018-10-01 12:45:00+00:00
389,FoxNews,0.743,0.327,0.0,0.673,2018-10-01 12:30:01+00:00
390,FoxNews,0.0,0.0,0.0,1.0,2018-10-01 12:19:47+00:00
391,FoxNews,0.0,0.0,0.0,1.0,2018-10-01 12:12:42+00:00
392,FoxNews,0.0,0.0,0.0,1.0,2018-10-01 12:05:00+00:00
393,FoxNews,0.5574,0.265,0.0,0.735,2018-10-01 11:58:00+00:00
394,FoxNews,0.5106,0.191,0.0,0.809,2018-10-01 11:45:00+00:00
395,FoxNews,0.0,0.0,0.0,1.0,2018-10-01 11:30:00+00:00
396,FoxNews,0.0,0.0,0.0,1.0,2018-10-01 11:20:00+00:00
397,FoxNews,0.0,0.0,0.0,1.0,2018-10-01 11:15:00+00:00
398,FoxNews,0.2732,0.123,0.0,0.877,2018-10-01 11:05:00+00:00
399,FoxNews,0.0,0.0,0.0,1.0,2018-10-01 10:56:33+00:00
400,nytimes,0.0,0.0,0.0,1.0,2018-10-01 22:17:04+00:00
401,nytimes,-0.1901,0.0,0.127,0.873,2018-10-01 22:06:42+00:00
402,nytimes,-0.1779,0.101,0.13,0.769,2018-10-01 22:05:09+00:00
403,nytimes,-0.0516,0.0,0.066,0.934,2018-10-01 22:01:30+00:00
404,nytimes,0.0,0.0,0.0,1.0,2018-10-01 21:59:07+00:00
405,nytimes,0.0,0.0,0.0,1.0,2018-10-01 21:56:03+00:00
406,nytimes,0.0772,0.163,0.107,0.73,2018-10-01 21:53:36+00:00
407,nytimes,0.3506,0.13,0.072,0.798,2018-10-01 21:51:39+00:00
408,nytimes,0.0,0.0,0.0,1.0,2018-10-01 21:46:39+00:00
409,nytimes,0.34,0.103,0.0,0.897,2018-10-01 21:39:45+00:00
410,nytimes,-0.5106,0.0,0.142,0.858,2018-10-01 21:34:58+00:00
411,nytimes,-0.4404,0.0,0.139,0.861,2018-10-01 21:30:57+00:00
412,nytimes,0.0,0.0,0.0,1.0,2018-10-01 21:20:08+00:00
413,nytimes,0.0,0.0,0.0,1.0,2018-10-01 21:08:04+00:00
414,nytimes,-0.765,0.0,0.297,0.703,2018-10-01 20:58:02+00:00
415,nytimes,0.4404,0.116,0.0,0.884,2018-10-01 20:48:05+00:00
416,nytimes,0.7096,0.269,0.0,0.731,2018-10-01 20:38:06+00:00
417,nytimes,0.0516,0.057,0.0,0.943,2018-10-01 20:28:01+00:00
418,nytimes,-0.7096,0.058,0.276,0.667,2018-10-01 20:18:06+00:00
419,nytimes,0.0772,0.166,0.117,0.717,2018-10-01 20:08:18+00:00
420,nytimes,-0.6249,0.0,0.157,0.843,2018-10-01 19:58:03+00:00
421,nytimes,0.0,0.0,0.0,1.0,2018-10-01 19:48:07+00:00
422,nytimes,-0.7783,0.0,0.245,0.755,2018-10-01 19:38:03+00:00
423,nytimes,-0.802,0.0,0.387,0.613,2018-10-01 19:28:04+00:00
424,nytimes,-0.4767,0.06,0.143,0.797,2018-10-01 19:18:05+00:00
425,nytimes,0.3182,0.141,0.0,0.859,2018-10-01 19:08:03+00:00
426,nytimes,-0.6604,0.0,0.197,0.803,2018-10-01 18:58:05+00:00
427,nytimes,-0.8402,0.0,0.333,0.667,2018-10-01 18:48:06+00:00
428,nytimes,0.0,0.0,0.0,1.0,2018-10-01 18:40:12+00:00
429,nytimes,0.0,0.0,0.0,1.0,2018-10-01 18:28:06+00:00
430,nytimes,0.3254,0.104,0.0,0.896,2018-10-01 18:17:50+00:00
431,nytimes,0.0,0.0,0.0,1.0,2018-10-01 18:15:05+00:00
432,nytimes,0.765,0.292,0.0,0.708,2018-10-01 18:08:05+00:00
433,nytimes,0.25,0.111,0.0,0.889,2018-10-01 17:58:03+00:00
434,nytimes,0.0,0.0,0.0,1.0,2018-10-01 17:48:08+00:00
435,nytimes,-0.6249,0.0,0.157,0.843,2018-10-01 17:38:04+00:00
436,nytimes,0.0,0.0,0.0,1.0,2018-10-01 17:28:02+00:00
437,nytimes,0.0772,0.061,0.0,0.939,2018-10-01 17:18:03+00:00
438,nytimes,-0.3612,0.0,0.116,0.884,2018-10-01 17:08:03+00:00
439,nytimes,-0.0772,0.0,0.091,0.909,2018-10-01 16:58:05+00:00
440,nytimes,-0.0772,0.206,0.217,0.578,2018-10-01 16:48:03+00:00
441,nytimes,-0.2732,0.0,0.104,0.896,2018-10-01 16:38:02+00:00
442,nytimes,0.0,0.0,0.0,1.0,2018-10-01 16:31:11+00:00
443,nytimes,0.5574,0.184,0.0,0.816,2018-10-01 16:28:03+00:00
444,nytimes,-0.9149,0.0,0.615,0.385,2018-10-01 16:18:05+00:00
445,nytimes,-0.5233,0.0,0.403,0.597,2018-10-01 16:08:04+00:00
446,nytimes,0.6249,0.221,0.0,0.779,2018-10-01 15:56:01+00:00
447,nytimes,-0.6808,0.0,0.219,0.781,2018-10-01 15:48:04+00:00
448,nytimes,-0.3818,0.0,0.157,0.843,2018-10-01 15:35:57+00:00
449,nytimes,0.3612,0.102,0.0,0.898,2018-10-01 15:28:06+00:00
450,nytimes,-0.34,0.0,0.139,0.861,2018-10-01 15:18:06+00:00
451,nytimes,0.4939,0.176,0.0,0.824,2018-10-01 15:10:28+00:00
452,nytimes,-0.4404,0.0,0.121,0.879,2018-10-01 15:08:17+00:00
453,nytimes,0.296,0.128,0.0,0.872,2018-10-01 14:58:00+00:00
454,nytimes,0.0,0.0,0.0,1.0,2018-10-01 14:48:03+00:00
455,nytimes,0.0,0.0,0.0,1.0,2018-10-01 14:38:02+00:00
456,nytimes,-0.25,0.083,0.13,0.787,2018-10-01 14:28:02+00:00
457,nytimes,0.0,0.0,0.0,1.0,2018-10-01 14:18:04+00:00
458,nytimes,0.3818,0.23,0.145,0.625,2018-10-01 14:11:03+00:00
459,nytimes,0.0,0.0,0.0,1.0,2018-10-01 14:00:15+00:00
460,nytimes,0.5994,0.246,0.0,0.754,2018-10-01 13:50:07+00:00
461,nytimes,-0.5574,0.0,0.167,0.833,2018-10-01 13:40:05+00:00
462,nytimes,0.0,0.0,0.0,1.0,2018-10-01 13:31:04+00:00
463,nytimes,-0.1531,0.0,0.086,0.914,2018-10-01 13:20:02+00:00
464,nytimes,-0.3612,0.0,0.116,0.884,2018-10-01 13:11:06+00:00
465,nytimes,0.0,0.0,0.0,1.0,2018-10-01 13:00:15+00:00
466,nytimes,-0.7096,0.0,0.197,0.803,2018-10-01 12:50:08+00:00
467,nytimes,0.0,0.0,0.0,1.0,2018-10-01 12:30:04+00:00
468,nytimes,-0.296,0.0,0.104,0.896,2018-10-01 12:21:02+00:00
469,nytimes,-0.2263,0.0,0.083,0.917,2018-10-01 12:20:05+00:00
470,nytimes,-0.2732,0.0,0.1,0.9,2018-10-01 12:10:07+00:00
471,nytimes,0.0,0.0,0.0,1.0,2018-10-01 12:00:02+00:00
472,nytimes,0.1531,0.159,0.177,0.664,2018-10-01 11:50:08+00:00
473,nytimes,0.4215,0.135,0.0,0.865,2018-10-01 11:40:06+00:00
474,nytimes,0.5106,0.142,0.0,0.858,2018-10-01 11:31:07+00:00
475,nytimes,0.3699,0.146,0.087,0.768,2018-10-01 11:20:06+00:00
476,nytimes,-0.128,0.0,0.081,0.919,2018-10-01 11:11:04+00:00
477,nytimes,0.0,0.0,0.0,1.0,2018-10-01 11:00:14+00:00
478,nytimes,-0.5859,0.115,0.27,0.615,2018-10-01 10:44:02+00:00
479,nytimes,-0.5574,0.113,0.263,0.625,2018-10-01 10:30:03+00:00
480,nytimes,0.4019,0.114,0.0,0.886,2018-10-01 10:13:03+00:00
481,nytimes,-0.4588,0.196,0.268,0.536,2018-10-01 10:12:03+00:00
482,nytimes,0.0,0.0,0.0,1.0,2018-10-01 10:11:01+00:00
483,nytimes,0.2732,0.095,0.0,0.905,2018-10-01 10:04:05+00:00
484,nytimes,-0.25,0.134,0.215,0.65,2018-10-01 09:52:18+00:00
485,nytimes,-0.25,0.0,0.087,0.913,2018-10-01 09:45:03+00:00
486,nytimes,0.5574,0.184,0.0,0.816,2018-10-01 09:30:09+00:00
487,nytimes,0.0,0.0,0.0,1.0,2018-10-01 09:15:06+00:00
488,nytimes,0.0,0.0,0.0,1.0,2018-10-01 09:00:03+00:00
489,nytimes,-0.0772,0.163,0.136,0.7,2018-10-01 08:45:02+00:00
490,nytimes,0.0,0.0,0.0,1.0,2018-10-01 08:30:05+00:00
491,nytimes,0.0,0.0,0.0,1.0,2018-10-01 08:15:01+00:00
492,nytimes,0.6249,0.17,0.0,0.83,2018-10-01 08:00:06+00:00
493,nytimes,0.0,0.0,0.0,1.0,2018-10-01 07:53:23+00:00
494,nytimes,-0.4215,0.073,0.151,0.776,2018-10-01 07:45:06+00:00
495,nytimes,0.7351,0.246,0.0,0.754,2018-10-01 07:30:08+00:00
496,nytimes,0.2263,0.091,0.0,0.909,2018-10-01 07:15:03+00:00
497,nytimes,0.4404,0.121,0.0,0.879,2018-10-01 07:00:10+00:00
498,nytimes,0.7184,0.429,0.0,0.571,2018-10-01 06:45:02+00:00
499,nytimes,0.0,0.0,0.0,1.0,2018-10-01 06:30:06+00:00
